title,source,published,url
Fundamental Research to Provide Analyst Coverage of BluSky AI Inc.,GlobeNewswire,2026-06-03T13:52:00Z,https://www.globenewswire.com/news-release/2026/06/03/3306177/29006/en/Fundamental-Research-to-Provide-Analyst-Coverage-of-BluSky-AI-Inc.html
Charles Hoskinson Predicts AI Agents Will Hold More Crypto Than Humans Within a Decade,ZyCrypto,2026-06-03T13:51:06Z,https://zycrypto.com/charles-hoskinson-predicts-ai-agents-will-hold-more-crypto-than-humans-within-a-decade/
Google ordered to make changes to AI search summaries by U.K.,Financial Post,2026-06-03T13:49:23Z,https://financialpost.com/technology/google-ordered-make-changes-ai-search-uk
The University of Hong Kong is hiring an Assistant Professor in AI-driven architecture,Archinect,2026-06-03T13:47:00Z,https://archinect.com/news/article/150545778/the-university-of-hong-kong-is-hiring-an-assistant-professor-in-ai-driven-architecture
"Russell 2000 Climbs 0.9% to 2,932 as Small-Cap Stocks Outshine Broader Market",Ibtimes.com.au,2026-06-03T13:46:15Z,https://www.ibtimes.com.au/russell-2000-index-surges-small-cap-stocks-1870050
Meta launches enterprise-focused AI 'business agent' to automate daily operations,CNA,2026-06-03T13:42:43Z,https://www.channelnewsasia.com/business/meta-enters-enterprise-ai-race-new-business-agent-6159951
Meta launches enterprise-focused AI 'business agent' to automate daily operations,CNA,2026-06-03T13:42:43Z,https://www.channelnewsasia.com/business/meta-launches-enterprise-focused-ai-business-agent-automate-daily-operations-6159951
Meta launches enterprise-focused AI 'business agent' to automate daily operations,Yahoo Entertainment,2026-06-03T13:42:43Z,https://finance.yahoo.com/news/meta-launches-enterprise-focused-ai-134243447.html
"Jackie O plots Europe move amid manager rift... Plus, 'too good for him' message about radio 'groper's marriage - and internal push to axe Seven's local 6pm news: INSIDE MAIL",Dailymail.com,2026-06-03T13:42:26Z,https://www.dailymail.com/news/article-15863135/Guy-Ashford-Cheralyn-Darcey-Australian-Audio-Awards-Jackie-O-Gemma-ONeill-Europe.html
"AI offers promise for agriculture, but smallholder farmers risk being left behind",The Conversation Africa,2026-06-03T13:42:04Z,https://theconversation.com/ai-offers-promise-for-agriculture-but-smallholder-farmers-risk-being-left-behind-279013
