text,polarity,sentiment
fundamental research to provide analyst coverage of blusky ai inc,0.0,NEUTRAL
charles hoskinson predicts ai agents will hold more crypto than humans within a decade,0.5,POSITIVE
google ordered to make changes to ai search summaries by uk,0.0,NEGATIVE
the university of hong kong is hiring an assistant professor in aidriven architecture,0.0,POSITIVE
russell 2000 climbs 09 to 2932 as smallcap stocks outshine broader market,0.0,POSITIVE
meta launches enterprisefocused ai business agent to automate daily operations,0.0,POSITIVE
meta launches enterprisefocused ai business agent to automate daily operations,0.0,POSITIVE
meta launches enterprisefocused ai business agent to automate daily operations,0.0,POSITIVE
jackie o plots europe move amid manager rift plus too good for him message about radio gropers marriage and internal push to axe sevens local 6pm news inside mail,0.2333333333333333,POSITIVE
ai offers promise for agriculture but smallholder farmers risk being left behind,-0.10000000000000002,NEGATIVE
